{"links": [{"source": 1, "target": 10}, {"source": 10, "target": 0}, {"source": 2, "target": 11}, {"source": 11, "target": 0}, {"source": 1, "target": 12}, {"source": 12, "target": 3}, {"source": 6, "target": 13}, {"source": 13, "target": 0}, {"source": 5, "target": 14}, {"source": 14, "target": 0}, {"source": 8, "target": 15}, {"source": 15, "target": 0}, {"source": 7, "target": 16}, {"source": 16, "target": 0}, {"source": 9, "target": 17}, {"source": 17, "target": 1}, {"source": 4, "target": 18}, {"source": 18, "target": 8}], "nodes": [{"group": 0, "group_name": "object", "id": 0, "name": "bed_0", "score": 0.9696957468986511}, {"group": 0, "group_name": "object", "id": 1, "name": "door_1", "score": 0.48776403069496155}, {"group": 0, "group_name": "object", "id": 2, "name": "bag_2", "score": 0.13222967088222504}, {"group": 0, "group_name": "object", "id": 3, "name": "door_3", "score": 0.03562944754958153}, {"group": 0, "group_name": "object", "id": 4, "name": "handle_4", "score": 0.01387875247746706}, {"group": 0, "group_name": "object", "id": 5, "name": "glove_5", "score": 0.13443732261657715}, {"group": 0, "group_name": "object", "id": 6, "name": "bag_6", "score": 0.4068686366081238}, {"group": 0, "group_name": "object", "id": 7, "name": "board_7", "score": 0.02218666486442089}, {"group": 0, "group_name": "object", "id": 8, "name": "chair_8", "score": 0.028497157618403435}, {"group": 0, "group_name": "object", "id": 9, "name": "shelf_9", "score": 0.02169586531817913}, {"group": 0, "group_name": "relation", "id": 10, "name": "near"}, {"group": 0, "group_name": "relation", "id": 11, "name": "on"}, {"group": 0, "group_name": "relation", "id": 12, "name": "near"}, {"group": 0, "group_name": "relation", "id": 13, "name": "on"}, {"group": 0, "group_name": "relation", "id": 14, "name": "on"}, {"group": 0, "group_name": "relation", "id": 15, "name": "near"}, {"group": 0, "group_name": "relation", "id": 16, "name": "behind"}, {"group": 0, "group_name": "relation", "id": 17, "name": "on"}, {"group": 0, "group_name": "relation", "id": 18, "name": "on"}]}