{"links": [{"source": 1, "target": 42}, {"source": 42, "target": 0}, {"source": 2, "target": 43}, {"source": 43, "target": 0}, {"source": 1, "target": 44}, {"source": 44, "target": 3}, {"source": 6, "target": 45}, {"source": 45, "target": 0}, {"source": 5, "target": 46}, {"source": 46, "target": 0}, {"source": 8, "target": 47}, {"source": 47, "target": 0}, {"source": 7, "target": 48}, {"source": 48, "target": 0}, {"source": 9, "target": 49}, {"source": 49, "target": 1}, {"source": 4, "target": 50}, {"source": 50, "target": 8}, {"source": 10, "target": 51}, {"source": 51, "target": 0}, {"source": 14, "target": 52}, {"source": 52, "target": 0}, {"source": 12, "target": 53}, {"source": 53, "target": 0}, {"source": 13, "target": 54}, {"source": 54, "target": 0}, {"source": 2, "target": 55}, {"source": 55, "target": 11}, {"source": 16, "target": 56}, {"source": 56, "target": 0}, {"source": 15, "target": 57}, {"source": 57, "target": 12}, {"source": 17, "target": 58}, {"source": 58, "target": 0}, {"source": 18, "target": 59}, {"source": 59, "target": 13}, {"source": 21, "target": 60}, {"source": 60, "target": 0}, {"source": 20, "target": 61}, {"source": 61, "target": 0}, {"source": 6, "target": 62}, {"source": 62, "target": 19}, {"source": 12, "target": 63}, {"source": 63, "target": 22}, {"source": 12, "target": 64}, {"source": 64, "target": 23}, {"source": 24, "target": 65}, {"source": 65, "target": 0}, {"source": 19, "target": 66}, {"source": 66, "target": 25}, {"source": 26, "target": 67}, {"source": 67, "target": 0}, {"source": 6, "target": 68}, {"source": 68, "target": 27}, {"source": 29, "target": 69}, {"source": 69, "target": 8}, {"source": 8, "target": 70}, {"source": 70, "target": 28}, {"source": 30, "target": 71}, {"source": 71, "target": 0}, {"source": 31, "target": 72}, {"source": 72, "target": 29}, {"source": 29, "target": 73}, {"source": 73, "target": 33}, {"source": 24, "target": 74}, {"source": 74, "target": 32}, {"source": 34, "target": 75}, {"source": 75, "target": 33}, {"source": 36, "target": 76}, {"source": 76, "target": 8}, {"source": 25, "target": 77}, {"source": 77, "target": 37}, {"source": 35, "target": 78}, {"source": 78, "target": 25}, {"source": 35, "target": 79}, {"source": 79, "target": 38}, {"source": 40, "target": 80}, {"source": 80, "target": 24}, {"source": 39, "target": 81}, {"source": 81, "target": 8}, {"source": 41, "target": 82}, {"source": 82, "target": 37}], "nodes": [{"group": 0, "group_name": "object", "id": 0, "name": "bed_0", "score": 0.026538437232375145}, {"group": 0, "group_name": "object", "id": 1, "name": "door_1", "score": 0.04104234650731087}, {"group": 0, "group_name": "object", "id": 2, "name": "bag_2", "score": 0.5779029130935669}, {"group": 0, "group_name": "object", "id": 3, "name": "door_3", "score": 0.03562944754958153}, {"group": 0, "group_name": "object", "id": 4, "name": "handle_4", "score": 0.050054118037223816}, {"group": 0, "group_name": "object", "id": 5, "name": "glove_5", "score": 0.8003973960876465}, {"group": 0, "group_name": "object", "id": 6, "name": "bag_6", "score": 0.7316075563430786}, {"group": 0, "group_name": "object", "id": 7, "name": "board_7", "score": 0.06527490168809891}, {"group": 0, "group_name": "object", "id": 8, "name": "chair_8", "score": 0.04997088015079498}, {"group": 0, "group_name": "object", "id": 9, "name": "shelf_9", "score": 0.02169586531817913}, {"group": 0, "group_name": "object", "id": 10, "name": "pillow_10", "score": 0.07206389307975769}, {"group": 0, "group_name": "object", "id": 11, "name": "book_11", "score": 0.08189210295677185}, {"group": 0, "group_name": "object", "id": 12, "name": "table_12", "score": 0.022781025618314743}, {"group": 0, "group_name": "object", "id": 13, "name": "door_13", "score": 0.13166068494319916}, {"group": 0, "group_name": "object", "id": 14, "name": "book_14", "score": 0.025853626430034637}, {"group": 0, "group_name": "object", "id": 15, "name": "bag_15", "score": 0.1623527854681015}, {"group": 0, "group_name": "object", "id": 16, "name": "desk_16", "score": 0.15805034339427948}, {"group": 0, "group_name": "object", "id": 17, "name": "bag_17", "score": 0.017276998609304428}, {"group": 0, "group_name": "object", "id": 18, "name": "door_18", "score": 0.09562261402606964}, {"group": 0, "group_name": "object", "id": 19, "name": "window_19", "score": 0.02191885933279991}, {"group": 0, "group_name": "object", "id": 20, "name": "plate_20", "score": 0.03534840792417526}, {"group": 0, "group_name": "object", "id": 21, "name": "book_21", "score": 0.12239007651805878}, {"group": 0, "group_name": "object", "id": 22, "name": "door_22", "score": 0.1102074384689331}, {"group": 0, "group_name": "object", "id": 23, "name": "drawer_23", "score": 0.38215774297714233}, {"group": 0, "group_name": "object", "id": 24, "name": "bag_24", "score": 0.12574173510074615}, {"group": 0, "group_name": "object", "id": 25, "name": "bag_25", "score": 0.40659764409065247}, {"group": 0, "group_name": "object", "id": 26, "name": "bag_26", "score": 0.21947234869003296}, {"group": 0, "group_name": "object", "id": 27, "name": "shelf_27", "score": 0.0734604150056839}, {"group": 0, "group_name": "object", "id": 28, "name": "chair_28", "score": 0.2897816598415375}, {"group": 0, "group_name": "object", "id": 29, "name": "basket_29", "score": 0.3291425406932831}, {"group": 0, "group_name": "object", "id": 30, "name": "bowl_30", "score": 0.021276671439409256}, {"group": 0, "group_name": "object", "id": 31, "name": "bag_31", "score": 0.40812742710113525}, {"group": 0, "group_name": "object", "id": 32, "name": "shelf_32", "score": 0.012222344055771828}, {"group": 0, "group_name": "object", "id": 33, "name": "bed_33", "score": 0.6929296851158142}, {"group": 0, "group_name": "object", "id": 34, "name": "cup_34", "score": 0.06592410057783127}, {"group": 0, "group_name": "object", "id": 35, "name": "curtain_35", "score": 0.5382087826728821}, {"group": 0, "group_name": "object", "id": 36, "name": "bag_36", "score": 0.3275221884250641}, {"group": 0, "group_name": "object", "id": 37, "name": "table_37", "score": 0.14313143491744995}, {"group": 0, "group_name": "object", "id": 38, "name": "bed_38", "score": 0.01653834618628025}, {"group": 0, "group_name": "object", "id": 39, "name": "handle_39", "score": 0.01373734138906002}, {"group": 0, "group_name": "object", "id": 40, "name": "handle_40", "score": 0.13169704377651215}, {"group": 0, "group_name": "object", "id": 41, "name": "bag_41", "score": 0.17087753117084503}, {"group": 0, "group_name": "relation", "id": 42, "name": "near"}, {"group": 0, "group_name": "relation", "id": 43, "name": "on"}, {"group": 0, "group_name": "relation", "id": 44, "name": "near"}, {"group": 0, "group_name": "relation", "id": 45, "name": "on"}, {"group": 0, "group_name": "relation", "id": 46, "name": "on"}, {"group": 0, "group_name": "relation", "id": 47, "name": "near"}, {"group": 0, "group_name": "relation", "id": 48, "name": "behind"}, {"group": 0, "group_name": "relation", "id": 49, "name": "on"}, {"group": 0, "group_name": "relation", "id": 50, "name": "on"}, {"group": 0, "group_name": "relation", "id": 51, "name": "on"}, {"group": 0, "group_name": "relation", "id": 52, "name": "on"}, {"group": 0, "group_name": "relation", "id": 53, "name": "near"}, {"group": 0, "group_name": "relation", "id": 54, "name": "near"}, {"group": 0, "group_name": "relation", "id": 55, "name": "with"}, {"group": 0, "group_name": "relation", "id": 56, "name": "on"}, {"group": 0, "group_name": "relation", "id": 57, "name": "on"}, {"group": 0, "group_name": "relation", "id": 58, "name": "on"}, {"group": 0, "group_name": "relation", "id": 59, "name": "has"}, {"group": 0, "group_name": "relation", "id": 60, "name": "on"}, {"group": 0, "group_name": "relation", "id": 61, "name": "on"}, {"group": 0, "group_name": "relation", "id": 62, "name": "near"}, {"group": 0, "group_name": "relation", "id": 63, "name": "near"}, {"group": 0, "group_name": "relation", "id": 64, "name": "has"}, {"group": 0, "group_name": "relation", "id": 65, "name": "on"}, {"group": 0, "group_name": "relation", "id": 66, "name": "near"}, {"group": 0, "group_name": "relation", "id": 67, "name": "on"}, {"group": 0, "group_name": "relation", "id": 68, "name": "on"}, {"group": 0, "group_name": "relation", "id": 69, "name": "on"}, {"group": 0, "group_name": "relation", "id": 70, "name": "near"}, {"group": 0, "group_name": "relation", "id": 71, "name": "on"}, {"group": 0, "group_name": "relation", "id": 72, "name": "in"}, {"group": 0, "group_name": "relation", "id": 73, "name": "near"}, {"group": 0, "group_name": "relation", "id": 74, "name": "on"}, {"group": 0, "group_name": "relation", "id": 75, "name": "on"}, {"group": 0, "group_name": "relation", "id": 76, "name": "on"}, {"group": 0, "group_name": "relation", "id": 77, "name": "on"}, {"group": 0, "group_name": "relation", "id": 78, "name": "near"}, {"group": 0, "group_name": "relation", "id": 79, "name": "near"}, {"group": 0, "group_name": "relation", "id": 80, "name": "on"}, {"group": 0, "group_name": "relation", "id": 81, "name": "on"}, {"group": 0, "group_name": "relation", "id": 82, "name": "on"}]}