{"links": [{"source": 1, "target": 5}, 
    {"source": 5, "target": 0}, 
    {"source": 0, "target": 6}, 
    {"source": 6, "target": 4}, 
    {"source": 3, "target": 7}, 
    {"source": 7, "target": 1},
    {"source": 8, "target": 13}, 
    {"source": 9, "target": 0}, 
    {"source": 10, "target": 6}, 
    {"source": 11, "target": 4}, 
    {"source": 12, "target": 7}, 
    {"source": 13, "target": 1}], 
"nodes": [{"group": 0, "group_name": "object", "id": 0, "name": "bottle_0", "score": 0.8442237973213196}, 
    {"group": 0, "group_name": "object", "id": 1, "name": "chair_1", "score": 0.4523409605026245}, 
    {"group": 0, "group_name": "object", "id": 2, "name": "light_2", "score": 0.48375436663627625}, 
    {"group": 0, "group_name": "object", "id": 3, "name": "door_3", "score": 0.401042103767395}, 
    {"group": 0, "group_name": "object", "id": 4, "name": "bottle_4", "score": 0.43451812863349915}, 
    {"group": 0, "group_name": "relation", "id": 5, "name": "in"}, 
    {"group": 0, "group_name": "relation", "id": 6, "name": "on"}, 
    {"group": 0, "group_name": "relation", "id": 7, "name": "on"},
    {"group": 0, "group_name": "object", "id": 8, "name": "chair_1", "score": 0.4523409605026245}, 
    {"group": 0, "group_name": "object", "id": 9, "name": "light_2", "score": 0.48375436663627625}, 
    {"group": 0, "group_name": "object", "id": 10, "name": "door_3", "score": 0.401042103767395}, 
    {"group": 0, "group_name": "object", "id": 11, "name": "bottle_4", "score": 0.43451812863349915}, 
    {"group": 0, "group_name": "relation", "id": 12, "name": "in"}, 
    {"group": 0, "group_name": "relation", "id": 13, "name": "on"}, 
    {"group": 0, "group_name": "relation", "id": 14, "name": "on"}]}